Network,Site,State,Latitude,Longitude,Elevation
CSN,10050002.0,AL,31.6641,-85.6062,139.0
CSN,10730023.0,AL,33.5531,-86.815,177.0
CSN,10731009.0,AL,33.4597,-87.3056,149.0
CSN,10732003.0,AL,33.4997,-86.9242,180.0
CSN,10890014.0,AL,34.6877,-86.5864,180.0
CSN,10970003.0,AL,30.7699,-88.0875,3.0
CSN,11011002.0,AL,32.4071,-86.2564,64.0
CSN,11030011.0,AL,34.5187,-86.9769,185.0
CSN,11130001.0,AL,32.4768,-84.9991,91.0
CSN,11130003.0,AL,32.437,-84.9996,25.0
CSN,20200018.0,AK,61.2059,-149.8246,44.0
CSN,20900010.0,AK,64.8407,-147.7225,132.0
CSN,20900034.0,AK,64.8457,-147.7274,132.0
CSN,40130019.0,AZ,33.4838,-112.1426,319.0
CSN,40134009.0,AZ,33.4064,-112.1443,317.0
CSN,40137003.0,AZ,33.2902,-112.1606,340.0
CSN,40137020.0,AZ,33.4882,-111.8557,378.0
CSN,40138006.0,AZ,33.4349,-112.093,342.0
CSN,40139998.0,AZ,33.4553,-111.9961,337.0
CSN,40191028.0,AZ,32.2952,-110.9823,710.0
CSN,50030005.0,AR,33.1369,-91.9504,47.0
CSN,51190007.0,AR,34.7562,-92.2813,77.0
CSN,51450001.0,AR,35.2489,-91.7156,71.0
CSN,60070002.0,CA,39.7574,-121.8433,60.0
CSN,60190011.0,CA,36.7853,-119.7742,22.0
CSN,60250005.0,CA,32.6762,-115.4841,3.0
CSN,60290014.0,CA,35.3561,-119.0412,118.0
CSN,60371103.0,CA,34.0666,-118.2269,126.0
CSN,60631009.0,CA,39.8083,-120.4717,1521.0
CSN,60658001.0,CA,33.9996,-117.416,250.0
CSN,60670006.0,CA,38.6138,-121.368,19.0
CSN,60670010.0,CA,38.5582,-121.493,5.0
CSN,60730003.0,CA,32.7912,-116.9421,169.0
CSN,60731002.0,CA,33.1277,-117.0753,237.0
CSN,60731018.0,CA,32.818000000000005,-116.9681,119.0
CSN,60731022.0,CA,32.7896,-116.9442,144.0
CSN,60850004.0,CA,37.3397,-121.8886,26.0
CSN,60850005.0,CA,37.3485,-121.8949,21.0
CSN,60990005.0,CA,37.6416,-120.9946,19.0
CSN,61072002.0,CA,36.3322,-119.2912,91.0
CSN,61112002.0,CA,34.2757,-118.6847,308.0
CSN,80010006.0,CO,39.826,-104.9374,1558.0
CSN,80010008.0,CO,39.8284,-104.9384,1574.0
CSN,80310025.0,CO,39.704,-104.9981,1606.0
CSN,80310026.0,CO,39.7795,-105.0052,22.0
CSN,80410011.0,CO,38.828,-104.8277,1828.0
CSN,80670008.0,CO,37.2677,-107.8746,2011.0
CSN,80770003.0,CO,39.0916,-108.5638,1524.0
CSN,80770017.0,CO,39.0638,-108.5612,1524.0
CSN,81230008.0,CO,40.2094,-104.8241,1464.0
CSN,90019003.0,CT,41.1183,-73.3367,1.0
CSN,90090027.0,CT,41.3014,-72.9029,5.0
CSN,90091123.0,CT,41.3108,-72.9169,19.0
CSN,100010003.0,DE,39.155,-75.5181,6.0
CSN,100032004.0,DE,39.7394,-75.5581,31.0
CSN,110010043.0,DC,38.9218,-77.0132,31.0
CSN,120110034.0,FL,26.0539,-80.2569,2.7
CSN,120111002.0,FL,26.0831,-80.2376,3.0
CSN,120330004.0,FL,30.5254,-87.2036,23.0
CSN,120571075.0,FL,28.04999999999998,-82.37809999999993,18.0
CSN,120573002.0,FL,27.9657,-82.2304,28.0
CSN,120730012.0,FL,30.4397,-84.3464,16.0
CSN,120861016.0,FL,25.7942,-80.2156,2.0
CSN,121030026.0,FL,27.8503,-82.7145,2.0
CSN,130210007.0,GA,32.7775,-83.6411,103.0
CSN,130510017.0,GA,32.093,-81.14399999999998,3.0
CSN,130590001.0,GA,33.9458,-83.3722,214.0
CSN,130690002.0,GA,31.5133,-82.7501,64.0
CSN,131150003.0,GA,34.2605,-85.3233,240.0
CSN,131150005.0,GA,34.2632,-85.3048,213.0
CSN,132150011.0,GA,32.4291,-84.9316,78.0
CSN,132450091.0,GA,33.4333,-82.0222,57.0
CSN,132950002.0,GA,34.9788,-85.3009,200.0
CSN,150030010.0,HI,21.3237,-158.0886,20.0
CSN,150032004.0,HI,21.3928,-157.9691,24.0
CSN,160010010.0,ID,43.6007,-116.3478,853.0
CSN,160270004.0,ID,43.5624,-116.5632,853.0
CSN,170310050.0,IL,41.707599999999964,-87.56860000000003,178.0
CSN,170310057.0,IL,41.9129,-87.7227,185.0
CSN,170310076.0,IL,41.7514,-87.7135,188.0
CSN,170314201.0,IL,42.14,-87.7992,194.0
CSN,170434002.0,IL,41.7711,-88.1525,213.0
CSN,171150013.0,IL,39.8668,-88.9256,206.0
CSN,171190024.0,IL,38.7006,-90.1448,125.0
CSN,171192009.0,IL,38.9031,-90.1432,154.0
CSN,180030004.0,IN,41.095,-85.1018,228.0
CSN,180190006.0,IN,38.2777,-85.7402,140.0
CSN,180372001.0,IN,38.3914,-86.9292,139.0
CSN,180390003.0,IN,41.6678,-85.9694,229.0
CSN,180390008.0,IN,41.6569,-85.9684,231.0
CSN,180650003.0,IN,40.0095,-85.5235,309.0
CSN,180890022.0,IN,41.6067,-87.3047,179.0
CSN,180892004.0,IN,41.5855,-87.4745,182.0
CSN,180970078.0,IN,39.8111,-86.1145,240.0
CSN,181411008.0,IN,41.6936,-86.2367,219.0
CSN,181630012.0,IN,38.0217,-87.5695,124.0
CSN,181630021.0,IN,38.0132,-87.5779,120.0
CSN,191130037.0,IA,42.0051,-91.6793,254.0
CSN,191130040.0,IA,41.9768,-91.6877,22.0
CSN,191530030.0,IA,41.6032,-93.6431,282.0
CSN,191532520.0,IA,41.6647,-93.6142,262.0
CSN,191630015.0,IA,41.53,-90.5876,212.0
CSN,201730010.0,KS,37.7021,-97.3148,405.0
CSN,202090021.0,KS,39.1172,-94.6356,269.0
CSN,210190017.0,KY,38.4593,-82.6404,189.0
CSN,210430500.0,KY,38.2389,-82.9881,213.0
CSN,210590005.0,KY,37.7808,-87.0753,127.0
CSN,210590014.0,KY,37.7411,-87.1181,122.0
CSN,210670012.0,KY,38.065,-84.4976,296.0
CSN,211110043.0,KY,38.2332,-85.8157,140.0
CSN,211110048.0,KY,38.2402,-85.7319,144.0
CSN,211110067.0,KY,38.2288,-85.6545,161.0
CSN,211111041.0,KY,38.2316,-85.8268,140.0
CSN,211170007.0,KY,39.0725,-84.525,220.0
CSN,211250004.0,KY,37.0872,-84.0633,352.0
CSN,211451004.0,KY,37.0664,-88.6377,121.0
CSN,211930003.0,KY,37.2833,-83.2093,414.0
CSN,212270007.0,KY,36.9933,-86.4183,152.0
CSN,220150008.0,LA,32.5363,-93.7489,47.0
CSN,220330009.0,LA,30.462,-91.1792,16.0
CSN,240030019.0,MD,39.10110000000001,-76.72940000000001,45.0
CSN,240053001.0,MD,39.3108,-76.4744,10.0
CSN,240330030.0,MD,39.0553,-76.8783,47.0
CSN,245100050.0,MD,39.3186,-76.5825,40.0
CSN,245100053.0,MD,39.2889,-76.5544,20.0
CSN,250130008.0,MA,42.1944,-72.5551,60.0
CSN,250250042.0,MA,42.3295,-71.0826,5.0
CSN,260050003.0,MI,42.7678,-86.1486,193.0
CSN,260330901.0,MI,46.4936,-84.3642,192.0
CSN,260770008.0,MI,42.2781,-85.5419,238.0
CSN,260810020.0,MI,42.9842,-85.6713,190.0
CSN,260910007.0,MI,41.9956,-83.9466,244.0
CSN,261130001.0,MI,44.3106,-84.8919,347.0
CSN,261150005.0,MI,41.7639,-83.4719,175.0
CSN,261150006.0,MI,41.9236,-83.3457,0.01
CSN,261250010.0,MI,42.4903,-83.28,204.0
CSN,261470005.0,MI,42.9533,-82.4562,185.0
CSN,261530001.0,MI,46.2889,-85.9502,217.0
CSN,261610008.0,MI,42.2406,-83.5996,225.0
CSN,261630001.0,MI,42.2286,-83.2082,182.0
CSN,261630015.0,MI,42.3028,-83.1065,177.0
CSN,261630019.0,MI,42.4308,-83.0001,192.0
CSN,261630033.0,MI,42.3067,-83.1488,179.0
CSN,270031002.0,MN,45.1377,-93.2076,280.0
CSN,270530960.0,MN,44.9594,-93.2567,263.0
CSN,270530963.0,MN,44.9537,-93.2582,265.0
CSN,270953051.0,MN,46.2053,-93.7595,381.0
CSN,271095008.0,MN,43.9969,-92.4504,318.0
CSN,271230871.0,MN,44.9594,-93.0359,269.0
CSN,280350004.0,MS,31.3236,-89.2872,53.0
CSN,280430001.0,MS,33.8344,-89.7928,65.0
CSN,280470008.0,MS,30.3904,-89.0498,6.0
CSN,280490018.0,MS,32.2968,-90.1883,82.0
CSN,280490019.0,MS,32.3304,-90.1662,105.0
CSN,280490020.0,MS,32.3291,-90.1827,22.0
CSN,280670002.0,MS,31.6886,-89.1351,78.0
CSN,290470005.0,MO,39.3031,-94.3766,273.0
CSN,290530001.0,MO,38.795,-92.9181,271.0
CSN,290990012.0,MO,38.4378,-90.3615,150.0
CSN,290990019.0,MO,38.4486,-90.3985,153.0
CSN,291860005.0,MO,37.9008,-90.4239,250.0
CSN,295100085.0,MO,38.6565,-90.1986,144.0
CSN,295100089.0,MO,38.6018,-90.2328,161.0
CSN,300490004.0,MT,46.8505,-111.9872,22.0
CSN,300530018.0,MT,48.3915,-115.5533,819.0
CSN,300630024.0,MT,46.8422,-114.0215,986.0
CSN,300630031.0,MT,46.8749,-113.9952,1020.0
CSN,300930005.0,MT,46.0026,-112.5013,1697.0
CSN,310550019.0,NE,41.2475,-95.9731,347.0
CSN,320030020.0,NV,36.2453,-115.0922,583.0
CSN,320030540.0,NV,36.1435,-115.0795,542.0
CSN,320030560.0,NV,36.1586,-115.1108,566.0
CSN,320030561.0,NV,36.164,-115.1139,562.0
CSN,320310016.0,NV,39.5251,-119.8077,1403.0
CSN,330110020.0,NH,42.9958,-71.4625,57.0
CSN,330150014.0,NH,43.0753,-70.748,1.0
CSN,340070002.0,NJ,39.9344,-75.1253,22.0
CSN,340070003.0,NJ,39.923,-75.0976,2.0
CSN,340130003.0,NJ,40.721,-74.1929,39.0
CSN,340230006.0,NJ,40.4728,-74.4224,24.0
CSN,340230011.0,NJ,40.4622,-74.4294,19.0
CSN,340273001.0,NJ,40.7876,-74.6763,256.0
CSN,340390004.0,NJ,40.6414,-74.2084,3.0
CSN,350010023.0,NM,35.1343,-106.5852,1578.0
CSN,360010005.0,NY,42.6423,-73.7546,30.0
CSN,360050080.0,NY,40.8361,-73.9201,30.0
CSN,360050083.0,NY,40.86580000000002,-73.88079999999994,25.0
CSN,360050110.0,NY,40.8162,-73.902,14.0
CSN,360290005.0,NY,42.8769,-78.8095,186.0
CSN,360310003.0,NY,44.3931,-73.8589,584.0
CSN,360551007.0,NY,43.1462,-77.5482,146.0
CSN,360556001.0,NY,43.161,-77.6036,151.0
CSN,360610062.0,NY,40.7205,-74.0041,4.0
CSN,360610134.0,NY,40.7144,-73.9952,5.0
CSN,360810124.0,NY,40.7361,-73.8215,13.0
CSN,361010003.0,NY,42.0914,-77.2098,490.0
CSN,370210034.0,NC,35.6075,-82.5833,651.0
CSN,370330001.0,NC,36.307,-79.4674,219.0
CSN,370350004.0,NC,35.7289,-81.3656,341.0
CSN,370510009.0,NC,35.0414,-78.9531,61.0
CSN,370570002.0,NC,35.8144,-80.2625,237.0
CSN,370670022.0,NC,36.1106,-80.2267,279.0
CSN,370810013.0,NC,36.1007,-79.8105,252.0
CSN,371070004.0,NC,35.2315,-77.5688,12.0
CSN,371190041.0,NC,35.2401,-80.7857,223.0
CSN,371590021.0,NC,35.5519,-80.395,224.0
CSN,371830014.0,NC,35.8561,-78.5742,92.0
CSN,380150003.0,ND,46.82539999999997,-100.7682,548.0
CSN,380171004.0,ND,46.9338,-96.8553,273.0
CSN,380530002.0,ND,47.5812,-103.2995,629.0
CSN,390171004.0,OH,39.5284,-84.3942,227.0
CSN,390350038.0,OH,41.477,-81.6824,186.0
CSN,390350060.0,OH,41.4921,-81.6785,197.0
CSN,390350065.0,OH,41.4467,-81.6624,244.0
CSN,390350076.0,OH,41.4235,-81.6476,218.0
CSN,390490081.0,OH,40.0877,-82.9598,263.0
CSN,390530003.0,OH,38.95,-82.1089,183.0
CSN,390610040.0,OH,39.1289,-84.50399999999998,213.0
CSN,390610042.0,OH,39.1049,-84.5512,220.0
CSN,390618001.0,OH,39.1805,-84.4921,181.0
CSN,390810017.0,OH,40.3664,-80.6156,264.0
CSN,390811001.0,OH,40.3221,-80.6063,266.0
CSN,390870010.0,OH,38.52,-82.6653,183.0
CSN,390870012.0,OH,38.5081,-82.6593,183.0
CSN,390930016.0,OH,41.4395,-82.1615,196.0
CSN,390933002.0,OH,41.4631,-82.1143,182.0
CSN,390950026.0,OH,41.6206,-83.6423,191.0
CSN,390990014.0,OH,41.0959,-80.6585,281.0
CSN,391130031.0,OH,39.7595,-84.1442,250.0
CSN,391130032.0,OH,39.7607,-84.1877,242.0
CSN,391130038.0,OH,39.756,-84.1987,220.0
CSN,391351001.0,OH,39.8356,-84.7205,22.0
CSN,391510017.0,OH,40.7869,-81.3942,334.0
CSN,391510020.0,OH,40.8007,-81.373,332.0
CSN,391530023.0,OH,41.088,-81.5416,313.0
CSN,401091037.0,OK,35.6141,-97.4751,344.0
CSN,401431127.0,OK,36.2049,-95.9765,193.0
CSN,410170120.0,OR,44.0639,-121.3126,1107.0
CSN,410290133.0,OR,42.3141,-122.8792,433.0
CSN,410370001.0,OR,42.1892,-120.354,1463.0
CSN,410390060.0,OR,44.0263,-123.0837,183.0
CSN,410510080.0,OR,45.4966,-122.6029,86.0
CSN,410510246.0,OR,45.5614,-122.6679,61.0
CSN,410610119.0,OR,45.339,-118.0952,916.0
CSN,420010001.0,PA,39.92,-77.3097,241.0
CSN,420030021.0,PA,40.4136,-79.9414,253.0
CSN,420030064.0,PA,40.3238,-79.8681,279.0
CSN,420110009.0,PA,40.3203,-75.9267,65.0
CSN,420110010.0,PA,40.3927,-75.9252,107.0
CSN,420110011.0,PA,40.3834,-75.9686,92.0
CSN,420210011.0,PA,40.3097,-78.915,455.0
CSN,420270100.0,PA,40.8114,-77.877,354.0
CSN,420290100.0,PA,39.8345,-75.7682,91.0
CSN,420430401.0,PA,40.247,-76.847,125.0
CSN,420450002.0,PA,39.8356,-75.3725,1.0
CSN,420450109.0,PA,39.8187,-75.414,0.0
CSN,420490003.0,PA,42.1418,-80.0386,202.0
CSN,420692006.0,PA,41.4428,-75.6231,265.0
CSN,420710007.0,PA,40.0467,-76.2833,99.0
CSN,420710012.0,PA,40.0438,-76.1124,116.0
CSN,420950025.0,PA,40.6281,-75.3411,93.0
CSN,420990301.0,PA,40.4569,-77.1656,167.0
CSN,421010004.0,PA,40.0089,-75.0978,25.0
CSN,421010048.0,PA,39.9914,-75.0808,22.0
CSN,421010055.0,PA,39.9229,-75.1869,12.0
CSN,421010136.0,PA,39.9275,-75.2228,20.0
CSN,421011001.0,PA,40.0364,-75.0025,24.0
CSN,421011002.0,PA,40.036,-75.0024,22.0
CSN,421255001.0,PA,40.4453,-80.4208,344.0
CSN,421290008.0,PA,40.3047,-79.5057,378.0
CSN,421330008.0,PA,39.9653,-76.6994,125.0
CSN,440070022.0,RI,41.8078,-71.4151,17.0
CSN,440071010.0,RI,41.8416,-71.3608,6.0
CSN,450190049.0,SC,32.791,-79.9587,0.0
CSN,450250001.0,SC,34.6154,-80.1988,122.0
CSN,450450008.0,SC,34.8388,-82.4029,285.0
CSN,450450009.0,SC,34.8991,-82.3131,300.0
CSN,450450015.0,SC,34.8439,-82.4146,303.0
CSN,450790007.0,SC,34.094,-80.9623,22.0
CSN,450790019.0,SC,33.9915,-81.0241,62.0
CSN,460990006.0,SD,43.5443,-96.7264,439.0
CSN,460990008.0,SD,43.5479,-96.7008,439.0
CSN,470370023.0,TN,36.1763,-86.7389,153.0
CSN,470654002.0,TN,35.0509,-85.29299999999998,258.0
CSN,470931020.0,TN,36.0192,-83.8738,309.0
CSN,470990002.0,TN,35.116,-87.4699,230.0
CSN,471251009.0,TN,36.5147,-87.32799999999997,139.0
CSN,471570024.0,TN,35.1512,-90.0416,74.0
CSN,471570047.0,TN,35.1689,-90.0215,72.0
CSN,471570075.0,TN,35.1517,-89.8503,22.0
CSN,471631007.0,TN,36.5388,-82.5216,394.0
CSN,471650007.0,TN,36.2976,-86.6531,138.0
CSN,480430002.0,TX,30.3658,-103.6491,1386.0
CSN,480612004.0,TX,26.0696,-97.1622,22.0
CSN,481130050.0,TX,32.7743,-96.7977,136.0
CSN,481130069.0,TX,32.82,-96.8601,132.0
CSN,481390015.0,TX,32.4369,-97.025,251.0
CSN,481410044.0,TX,31.7657,-106.4552,1128.0
CSN,481410053.0,TX,31.7585,-106.5011,1140.0
CSN,481670014.0,TX,29.2633,-94.8566,1.0
CSN,482010024.0,TX,29.901,-95.3261,21.0
CSN,482010026.0,TX,29.8027,-95.1255,11.0
CSN,482010055.0,TX,29.6957,-95.4993,20.0
CSN,482010803.0,TX,29.7648,-95.1785,5.0
CSN,482011034.0,TX,29.768,-95.2206,9.0
CSN,482011039.0,TX,29.67,-95.1285,9.0
CSN,482030002.0,TX,32.669000000000004,-94.1675,90.0
CSN,482430004.0,TX,30.6694,-104.0247,1762.0
CSN,482450021.0,TX,29.9229,-93.909,22.0
CSN,482450022.0,TX,29.864,-94.3178,4.0
CSN,482570005.0,TX,32.5649,-96.3177,132.0
CSN,482730314.0,TX,27.427,-97.2987,5.0
CSN,483030001.0,TX,33.5909,-101.8476,969.0
CSN,483390078.0,TX,30.3503,-95.4251,70.0
CSN,483390089.0,TX,30.3539,-95.4217,70.0
CSN,483550034.0,TX,27.8118,-97.4657,8.0
CSN,483611100.0,TX,30.1942,-93.8669,7.0
CSN,484530020.0,TX,30.4832,-97.8723,22.0
CSN,490050007.0,UT,41.8427,-111.8522,1.0
CSN,490110001.0,UT,40.8864,-111.8822,1334.0
CSN,490110004.0,UT,40.903,-111.8845,1307.0
CSN,490353006.0,UT,40.7364,-111.8722,1309.0
CSN,490494001.0,UT,40.3414,-111.7136,1456.0
CSN,500070012.0,VT,44.4803,-73.2144,42.0
CSN,510870014.0,VA,37.5565,-77.4003,34.0
CSN,511390004.0,VA,38.6637,-78.5044,252.0
CSN,515200006.0,VA,36.608,-82.1641,530.0
CSN,517600020.0,VA,37.5106,-77.4983,60.0
CSN,517700014.0,VA,37.2561,-79.985,328.0
CSN,530110013.0,WA,45.6483,-122.5869,64.0
CSN,530330024.0,WA,47.755,-122.2806,35.0
CSN,530330030.0,WA,47.5972,-122.3197,15.0
CSN,530330032.0,WA,47.5456,-122.3222,28.0
CSN,530330038.0,WA,47.6889,-122.3133,96.0
CSN,530330048.0,WA,47.6153,-122.33,62.0
CSN,530330057.0,WA,47.5632,-122.3405,19.0
CSN,530530029.0,WA,47.1864,-122.4517,97.0
CSN,530530031.0,WA,47.2656,-122.3858,29.0
CSN,530611007.0,WA,48.0543,-122.1715,6.0
CSN,530630016.0,WA,47.6607,-117.3581,596.0
CSN,530770009.0,WA,46.5981,-120.4992,328.0
CSN,540390011.0,WV,38.4488,-81.6847,264.0
CSN,540390020.0,WV,38.3463,-81.6212,223.11
CSN,540391005.0,WV,38.3662,-81.6937,206.0
CSN,540511002.0,WV,39.916,-80.7339,245.0
CSN,540690010.0,WV,40.1149,-80.70100000000002,262.0
CSN,550090005.0,WI,44.5073,-87.9934,22.0
CSN,550270001.0,WI,43.4661,-88.6211,264.0
CSN,550270007.0,WI,43.435,-88.5278,348.0
CSN,550590019.0,WI,42.5047,-87.8093,185.0
CSN,550710007.0,WI,44.1386,-87.6161,184.0
CSN,550790026.0,WI,43.06100000000001,-87.9135,216.0
CSN,551198001.0,WI,45.2066,-90.5972,449.0
CSN,551330027.0,WI,43.0201,-88.2151,263.0
CSN,560210100.0,WY,41.1822,-104.7783,15.0
CSN,720210010.0,PR,18.4201,-66.1506,70.0
CSN,720610001.0,PR,18.4256,-66.1159,14.0
CSN,780100012.0,VI,17.7144,-64.7853,22.0
IMPROVE,10799000.0,AL,34.3433,-87.3388,286.3333
IMPROVE,20130002.0,AK,55.3255,-160.5063,57.0
IMPROVE,20680003.0,AK,63.7233,-148.9675,658.2
IMPROVE,21220009.0,AK,59.9925,-152.6656,15.0
IMPROVE,21700011.0,AK,62.3153,-150.3156,155.0
IMPROVE,21859000.0,AK,68.63178,-149.60601,740.0
IMPROVE,21889000.0,AK,67.09934,-157.8628,77.5
IMPROVE,22809000.0,AK,56.61076,-132.81233999999998,0.0
IMPROVE,40018001.0,AZ,34.0584,-109.4406,2508.6667
IMPROVE,40038001.0,AZ,32.0094,-109.389,1554.5
IMPROVE,40039000.0,AZ,31.34921,-109.53973,1230.0
IMPROVE,40052002.0,AZ,36.0658,-112.1539,2164.0
IMPROVE,40058100.0,AZ,36.0778,-112.1288,1166.0
IMPROVE,40058102.0,AZ,35.9731,-111.9841,2267.0
IMPROVE,40058103.0,AZ,35.1406,-111.9692,2046.0
IMPROVE,40070010.0,AZ,33.6548,-111.1068,775.0
IMPROVE,40078100.0,AZ,34.0908,-110.9421,1600.3333
IMPROVE,40139997.0,AZ,33.5038,-112.0958,342.0
IMPROVE,40159000.0,AZ,36.0193,-114.0684,902.0
IMPROVE,40170119.0,AZ,35.0777,-109.7692,1766.0
IMPROVE,40190005.0,AZ,31.9506,-112.8016,504.0
IMPROVE,40190021.0,AZ,32.1746,-110.7371,941.0
IMPROVE,40199000.0,AZ,32.2486,-111.2178,714.0
IMPROVE,40218001.0,AZ,33.2939,-111.2858,661.3333
IMPROVE,40250005.0,AZ,34.4289,-112.9628,1510.6667
IMPROVE,40258104.0,AZ,34.3405,-111.6832,1297.6667
IMPROVE,51019000.0,AR,35.8258,-93.203,722.75
IMPROVE,51130003.0,AR,34.4544,-94.1429,683.0
IMPROVE,60150002.0,CA,41.5608,-124.0839,243.6667
IMPROVE,60170008.0,CA,38.9333,-119.9667,1900.0
IMPROVE,60179000.0,CA,38.9761,-120.1025,2130.6667
IMPROVE,60190008.0,CA,36.7818,-119.7732,100.0
IMPROVE,60199000.0,CA,37.2207,-119.1546,2597.5
IMPROVE,60270101.0,CA,36.5089,-116.8478,130.0
IMPROVE,60299001.0,CA,35.7278,-118.1377,927.0
IMPROVE,60299902.0,CA,35.6987,-118.20210000000002,914.0
IMPROVE,60379034.0,CA,34.2969,-118.0282,1791.0
IMPROVE,60410002.0,CA,38.1224,-122.9085,97.0
IMPROVE,60430003.0,CA,37.7133,-119.7061,1603.0
IMPROVE,60519000.0,CA,38.0881,-119.1771,2560.6667
IMPROVE,60659000.0,CA,33.4636,-116.9706,507.5
IMPROVE,60690003.0,CA,36.4833,-121.1568,302.0
IMPROVE,60719002.0,CA,34.06955,-116.38899,1228.0
IMPROVE,60719010.0,CA,34.1939,-116.9132,1726.0
IMPROVE,60839000.0,CA,34.7339,-120.0074,956.5
IMPROVE,60893003.0,CA,40.5398,-121.5768,1732.6667
IMPROVE,60930005.0,CA,41.7117,-121.5068,1459.5
IMPROVE,61059000.0,CA,40.7864,-122.8046,1014.0
IMPROVE,61071001.0,CA,36.4894,-118.8291,519.3333
IMPROVE,80039000.0,CO,37.7249,-105.5185,2498.25
IMPROVE,80579000.0,CO,40.5383,-106.6766,3243.0
IMPROVE,80679000.0,CO,37.3038,-107.4842,2351.0
IMPROVE,80699000.0,CO,40.3624,-105.5638,2408.0
IMPROVE,80699001.0,CO,40.2783,-105.5457,2760.0
IMPROVE,80839000.0,CO,37.1984,-108.4907,2172.0
IMPROVE,80979000.0,CO,39.1536,-106.8209,3413.5
IMPROVE,81079000.0,CO,40.445,-106.74,3220.0
IMPROVE,81119000.0,CO,37.6594,-107.79988,2750.0
IMPROVE,90050005.0,CT,41.8214,-73.2973,521.5
IMPROVE,110010042.0,DC,38.8762,-77.0344,15.3333
IMPROVE,120179000.0,FL,28.7484,-82.5549,4.3333
IMPROVE,120860030.0,FL,25.391,-80.6806,1.25
IMPROVE,121290001.0,FL,30.0926,-84.1614,7.75
IMPROVE,130499000.0,GA,30.7405,-82.1283,48.0
IMPROVE,130890002.0,GA,33.688,-84.2903,243.0
IMPROVE,132139000.0,GA,34.7852,-84.6265,735.25
IMPROVE,150019002.0,HI,19.4309,-155.2579,1258.5
IMPROVE,150099000.0,HI,20.8086,-156.2823,1153.0
IMPROVE,160230003.0,ID,43.65,-113.0333,1500.0
IMPROVE,160230101.0,ID,43.4605,-113.5551,1817.75
IMPROVE,160370002.0,ID,44.1705,-114.9271,1990.3333
IMPROVE,160590007.0,ID,45.1588,-114.026,2788.0
IMPROVE,170191001.0,IL,40.052,-88.3733,263.0
IMPROVE,181759000.0,IN,38.5346,-86.2604,281.6667
IMPROVE,191370002.0,IA,40.969,-95.045,371.0
IMPROVE,191770006.0,IA,40.6883,-91.9883,210.0
IMPROVE,200139000.0,KS,39.9791,-95.5682,293.0
IMPROVE,200170001.0,KS,38.4341,-96.5602,390.3333
IMPROVE,201950001.0,KS,38.7701,-99.7634,665.5
IMPROVE,210619000.0,KY,37.1318,-86.1479,235.3333
IMPROVE,212219000.0,KY,36.7842,-87.8501,191.6667
IMPROVE,220759000.0,LA,29.1189,-89.2066,11.0
IMPROVE,221279000.0,LA,32.0574,-92.435,45.0
IMPROVE,230031020.0,ME,46.6964,-68.0333,165.75
IMPROVE,230050103.0,ME,44.1074,-70.7292,233.75
IMPROVE,230059002.0,ME,43.8325,-70.0644,26.75
IMPROVE,230090103.0,ME,44.37710000000001,-68.26100000000001,157.3333
IMPROVE,230194003.0,ME,44.9334,-68.6457,51.0
IMPROVE,230291004.0,ME,45.1259,-67.2661,77.75
IMPROVE,240059000.0,MD,39.2547,-76.7093,78.0
IMPROVE,240239000.0,MD,39.7058,-79.0122,767.0
IMPROVE,250010002.0,MA,41.9758,-70.0242,49.0
IMPROVE,250070001.0,MA,41.3309,-70.7846,2.5
IMPROVE,250154002.0,MA,42.2985,-72.3346,317.75
IMPROVE,260839000.0,MI,47.4596,-88.1491,182.0
IMPROVE,260839001.0,MI,47.9167,-89.15000000000002,213.0
IMPROVE,261539000.0,MI,46.2889,-85.9503,214.5
IMPROVE,270759000.0,MN,47.9466,-91.4955,526.6667
IMPROVE,271339000.0,MN,43.7158,-96.1913,473.3333
IMPROVE,271379000.0,MN,48.4126,-92.8286,429.0
IMPROVE,271379001.0,MN,48.4132,-92.8303,425.5
IMPROVE,271699000.0,MN,43.9373,-91.4052,370.0
IMPROVE,290390001.0,MO,37.7009,-94.0348,297.5
IMPROVE,292070001.0,MO,36.9717,-90.1432,111.3333
IMPROVE,292130003.0,MO,36.6138,-92.9221,404.0
IMPROVE,300279000.0,MT,47.58227,-108.71963999999998,891.3333
IMPROVE,300299001.0,MT,48.5105,-113.9966,975.25
IMPROVE,300479000.0,MT,47.7734,-114.269,1580.0
IMPROVE,300499000.0,MT,46.8262,-111.7107,2387.0
IMPROVE,300779000.0,MT,47.1222,-113.1544,1282.3333
IMPROVE,300819000.0,MT,45.8598,-114.0001,1895.75
IMPROVE,300859000.0,MT,48.308,-105.1022,638.0
IMPROVE,300870762.0,MT,45.6495,-106.5574,1283.0
IMPROVE,300899000.0,MT,47.9549,-115.6709,1441.0
IMPROVE,300919000.0,MT,48.4871,-104.4757,606.25
IMPROVE,310699000.0,NE,41.7627,-102.4336,1207.3333
IMPROVE,311719000.0,NE,41.8888,-100.3387,883.3333
IMPROVE,311739000.0,NE,42.1487,-96.4318,429.5
IMPROVE,320079000.0,NV,41.8926,-115.4261,1869.0
IMPROVE,320219000.0,NV,38.9519,-118.8146,1250.0
IMPROVE,320339000.0,NV,39.0052,-114.2161,2065.75
IMPROVE,330074002.0,NH,44.3082,-71.2177,453.5
IMPROVE,340019000.0,NJ,39.465,-74.4492,5.0
IMPROVE,350039000.0,NM,33.2204,-108.2351,1775.5
IMPROVE,350059000.0,NM,33.4598,-104.4042,1072.3333
IMPROVE,350139000.0,NM,32.6869,-106.4844,1326.0
IMPROVE,350279000.0,NM,33.4687,-105.5349,2063.5
IMPROVE,350281002.0,NM,35.7797,-106.26640000000002,1988.3333
IMPROVE,350399000.0,NM,36.0139,-106.8447,2935.0
IMPROVE,350539000.0,NM,33.8695,-106.852,1389.75
IMPROVE,350559000.0,NM,36.5854,-105.452,3366.0
IMPROVE,361019000.0,NY,42.0912,-77.2099,512.0
IMPROVE,361099000.0,NY,42.4009,-76.6534,519.0
IMPROVE,370110002.0,NC,35.9723,-81.9331,968.6667
IMPROVE,370870035.0,NC,35.3937,-82.7744,1617.25
IMPROVE,370959000.0,NC,35.451,-76.2075,-3.6667
IMPROVE,380070002.0,ND,46.8948,-103.3777,852.6667
IMPROVE,380130004.0,ND,48.6419,-102.4022,696.0
IMPROVE,391219000.0,OH,39.9428,-81.3378,366.3333
IMPROVE,400319000.0,OK,34.7323,-98.713,509.0
IMPROVE,400450890.0,OK,36.0853,-99.9354,697.0
IMPROVE,400539000.0,OK,36.61,-97.49,314.0
IMPROVE,400719010.0,OK,36.9562,-97.0313,342.0
IMPROVE,410050010.0,OR,45.2888,-121.7837,1531.0
IMPROVE,410330010.0,OR,42.552,-124.0589,80.0
IMPROVE,410358001.0,OR,42.8958,-122.1361,1996.0
IMPROVE,410390070.0,OR,44.291,-122.0434,885.0
IMPROVE,410610010.0,OR,45.2249,-118.5129,1259.0
IMPROVE,410630002.0,OR,44.9702,-116.8438,655.0
IMPROVE,420019000.0,PA,39.9232,-77.3079,267.0
IMPROVE,420030008.0,PA,40.4654,-79.9607,268.0
IMPROVE,420859000.0,PA,41.4269,-80.1453,379.5
IMPROVE,450190046.0,SC,32.941,-79.6572,4.6667
IMPROVE,460330132.0,SD,43.5576,-103.4838,1296.0
IMPROVE,460710001.0,SD,43.7435,-101.9412,736.0
IMPROVE,470090101.0,TN,35.6334,-83.9416,810.6667000000001
IMPROVE,480430101.0,TX,29.3027,-103.178,1066.5
IMPROVE,481099000.0,TX,31.833,-104.8094,1672.0
IMPROVE,490170101.0,UT,37.6184,-112.1736,2481.3333
IMPROVE,490190101.0,UT,38.7833,-109.5833,1722.0
IMPROVE,490379000.0,UT,38.4587,-109.82099999999998,1798.25
IMPROVE,490499000.0,UT,40.4449,-111.7081,1768.0
IMPROVE,490530130.0,UT,37.1983,-113.1508,1215.0
IMPROVE,490539000.0,UT,37.4591,-113.2243,1545.0
IMPROVE,490559000.0,UT,38.3022,-111.2926,1896.5
IMPROVE,500038001.0,VT,43.1482,-73.1268,1015.3333
IMPROVE,500070007.0,VT,44.5284,-72.8688,401.0
IMPROVE,500258001.0,VT,42.9561,-72.9098,882.09
IMPROVE,511139000.0,VA,38.5229,-78.4348,1079.25
IMPROVE,511639000.0,VA,37.6266,-79.5125,289.5
IMPROVE,511639001.0,VA,37.6167,-79.4833,219.0
IMPROVE,530090020.0,WA,48.0065,-122.9727,599.6667
IMPROVE,530330080.0,WA,47.5696,-122.3119,97.6667
IMPROVE,530370004.0,WA,47.422,-121.4259,1049.0
IMPROVE,530390010.0,WA,45.56926,-122.21029,230.0
IMPROVE,530390011.0,WA,45.6644,-121.00079999999998,178.5
IMPROVE,530410007.0,WA,46.6243,-121.3881,1827.3333
IMPROVE,530470012.0,WA,48.3877,-119.9275,1627.3333
IMPROVE,530530014.0,WA,46.7583,-122.1244,439.0
IMPROVE,530630051.0,WA,47.9045,-117.8609,552.0
IMPROVE,530730020.0,WA,48.9533,-122.5586,28.0
IMPROVE,530730022.0,WA,48.7316,-121.0646,568.6667
IMPROVE,540939000.0,WV,39.1053,-79.4261,1182.3333
IMPROVE,550410007.0,WI,45.56495,-88.80838,564.0
IMPROVE,560019000.0,WY,41.3662,-106.2418,3196.0
IMPROVE,560050123.0,WY,44.6634,-105.2874,1195.0
IMPROVE,560199000.0,WY,44.3335,-106.9565,2470.5
IMPROVE,560299002.0,WY,44.7448,-109.3816,2482.5
IMPROVE,560359000.0,WY,42.9749,-109.7579,2626.6667
IMPROVE,560399000.0,WY,44.5653,-110.4002,2425.0
IMPROVE,560399001.0,WY,44.5654,-110.4003,2442.25
IMPROVE,780209000.0,VI,18.3363,-64.7962,51.3333
